key,instantiation-moment,start-period,end-period,picture,slogan,link
banner-01,2000/01/01 00:00,2021/05/10 09:40,2021/10/19 20:00,https://www.example.com/image.jpg,Lorem ipsum dolor sit amet,https://www.example.com/new-feature
banner-02,2000/01/01 00:01,2021/05/10 09:40,2021/10/19 20:00,https://www.example.com/image.jpg,Lorem ipsum dolor sit amet,https://www.example.com/new-feature
banner-03,2020/10/12 11:00,2021/05/10 09:40,2022/07/30 00:00,https://www.example.com/image.jpg,Lorem ipsum dolor sit amet,https://www.example.com/new-feature
banner-04,2020/10/12 11:00,2021/05/10 09:40,2022/07/29 23:59,https://www.example.com/image.jpg,Lorem ipsum dolor sit amet,https://www.example.com/new-feature
banner-05,2020/10/12 11:00,2021/05/10 09:40,2021/05/17 09:40,https://www.example.com/image.jpg,Lorem ipsum dolor sit amet,https://www.example.com/new-feature
banner-06,2020/10/12 11:00,2021/05/10 09:40,2021/05/17 09:41,https://www.example.com/image.jpg,Lorem ipsum dolor sit amet,https://www.example.com/new-feature
banner-07,2020/10/12 11:00,2021/02/29 20:00,2021/10/19 20:00,https://www.example.com/image.jpg,Lorem ipsum dolor sit amet,https://www.example.com/new-feature
banner-08,2020/10/12 11:00,2021/05/10 09:40,2022/02/29 20:00,https://www.example.com/image.jpg,Lorem ipsum dolor sit amet,https://www.example.com/new-feature
banner-09,2020/10/12 11:00,2021/05/10 09:40,2021/10/19 20:00,https://www.example.com/imageaaaaaaaaaaaaaaaaaaaaaaaaaaaaaaaaaaaaaaaaaaaaaaaaaaaaaaaaaaaaaaaaaaaaaaaaaaaaaaaaaaaaaaaaaaaaaaaaaaaaaaaaaaaaaaaaaaaaaaaaaaaaaaaaaaaaaaaaaaaaaaaaaaaaaaaaaaaaaaaaaaaaaaaaaaaaaaaaaaaaaaaaaaaaaaaaaaaaaaaaaaaaaaaaaaaaaaaaaaaaaa.jpg,Lorem ipsum dolor sit amet,https://www.example.com/new-feature
banner-10,2020/10/12 11:00,2021/05/10 09:40,2021/10/19 20:00,https://www.example.com/imageaaaaaaaaaaaaaaaaaaaaaaaaaaaaaaaaaaaaaaaaaaaaaaaaaaaaaaaaaaaaaaaaaaaaaaaaaaaaaaaaaaaaaaaaaaaaaaaaaaaaaaaaaaaaaaaaaaaaaaaaaaaaaaaaaaaaaaaaaaaaaaaaaaaaaaaaaaaaaaaaaaaaaaaaaaaaaaaaaaaaaaaaaaaaaaaaaaaaaaaaaaaaaaaaaaaaaaaaaaaaa.jpg,Lorem ipsum dolor sit amet,https://www.example.com/new-feature
banner-11,2020/10/12 11:00,2021/05/10 09:40,2021/10/19 20:00,,Lorem ipsum dolor sit amet,https://www.example.com/new-feature
banner-12,2020/10/12 11:00,2021/05/10 09:40,2021/10/19 20:00,http://a.b,Lorem ipsum dolor sit amet,https://www.example.com/new-feature
banner-13,2020/10/12 11:00,2021/05/10 09:40,2021/10/19 20:00,http://website.com?active=true,Lorem ipsum dolor sit amet,https://www.example.com/new-feature
banner-14,2020/10/12 11:00,2021/05/10 09:40,2021/10/19 20:00,https://www.example.com/image.jpg,Lorem ipsum dolor sit amet consectetur adipiscing elit. Proin congue ligul,https://www.example.com/new-feature
banner-15,2020/10/12 11:00,2021/05/10 09:40,2021/10/19 20:00,https://www.example.com/image.jpg,Lorem ipsum dolor sit amet consectetur adipiscing elit. Proin congue ligula,https://www.example.com/new-feature
banner-16,2020/10/12 11:00,2021/05/10 09:40,2021/10/19 20:00,https://www.example.com/image.jpg,L,https://www.example.com/new-feature
banner-17,2020/10/12 11:00,2021/05/10 09:40,2021/10/19 20:00,https://www.example.com/image.jpg,أبجد هوز دولور الجلوس امات,https://www.example.com/new-feature
banner-18,2020/10/12 11:00,2021/05/10 09:40,2021/10/19 20:00,https://www.example.com/image.jpg,<h1>hacked</h1>,https://www.example.com/new-feature
banner-19,2020/10/12 11:00,2021/05/10 09:40,2021/10/19 20:00,https://www.example.com/image.jpg,'or 'A'='A,https://www.example.com/new-feature
banner-20,2020/10/12 11:00,2021/05/10 09:40,2021/10/19 20:00,https://www.example.com/image.jpg,Lorem ipsum dolor sit amet,https://www.example.com/new-featureeeeeeeeeeeeeeeeeeeeeeeeeeeeeeeeeeeeeeeeeeeeeeeeeeeeeeeeeeeeeeeeeeeeeeeeeeeeeeeeeeeeeeeeeeeeeeeeeeeeeeeeeeeeeeeeeeeeeeeeeeeeeeeeeeeeeeeeeeeeeeeeeeeeeeeeeeeeeeeeeeeeeeeeeeeeeeeeeeeeeeeeeeeeeeeeeeeeeeeeeeeeeeeeeeeeeeeeeeeee
banner-21,2020/10/12 11:00,2021/05/10 09:40,2021/10/19 20:00,https://www.example.com/image.jpg,Lorem ipsum dolor sit amet,https://www.example.com/new-featureeeeeeeeeeeeeeeeeeeeeeeeeeeeeeeeeeeeeeeeeeeeeeeeeeeeeeeeeeeeeeeeeeeeeeeeeeeeeeeeeeeeeeeeeeeeeeeeeeeeeeeeeeeeeeeeeeeeeeeeeeeeeeeeeeeeeeeeeeeeeeeeeeeeeeeeeeeeeeeeeeeeeeeeeeeeeeeeeeeeeeeeeeeeeeeeeeeeeeeeeeeeeeeeeeeeeeeeeeee
banner-22,2020/10/12 11:00,2021/05/10 09:40,2021/10/19 20:00,https://www.example.com/image.jpg,Lorem ipsum dolor sit amet,
banner-23,2020/10/12 11:00,2021/05/10 09:40,2021/10/19 20:00,https://www.example.com/image.jpg,Lorem ipsum dolor sit amet,http://a.b
banner-24,2020/10/12 11:00,2021/05/10 09:40,2021/10/19 20:00,https://www.example.com/image.jpg,Lorem ipsum dolor sit amet,http://website.com?active=true
