key,code,executionDate,type,correctiveActions,mark,optionalLink,key:project,key:auditor
code-audit-01,ABC-123,2000/01/01 00:00,Static,Lorem ipsum dolor sit amet,A_Plus,https://www.example.com/new-feature,project-01,auditor-01
code-audit-02,ABC-124,2000/01/01 00:01,Dynamic,Lorem ipsum dolor sit amet,A,https://www.example.com/new-feature,project-02,auditor-02
code-audit-03,ABC-125,2020/02/29 20:00,Dynamic,Lorem ipsum dolor sit amet,B,https://www.example.com/new-feature,project-03,auditor-01
code-audit-04,ABC-126,2022/07/30 00:00,Static,Lorem ipsum dolor sit amet,C,https://www.example.com/new-feature,project-04,auditor-02
code-audit-05,ABC-127,2022/07/29 23:59,Dynamic,Lorem ipsum dolor sit amet,F_Minus,https://www.example.com/new-feature,project-05,auditor-01
code-audit-06,ABC-128,2021/03/28 08:15,Static,L,F,https://www.example.com/new-feature,project-06,auditor-02
code-audit-07,ABC-129,2021/03/28 08:15,Dynamic,Lorem ipsum dolor sit amet consectetur adipiscing elit. Ut quis lobortis neque. Nulla augue mi amet.,F_Minus,https://www.example.com/new-feature,project-07,auditor-01
code-audit-08,ABC-130,2021/03/28 08:15,Static,Lorem ipsum dolor sit amet consectetur adipiscing elit. Ut quis lobortis neque. Nulla augue mi amet,F_Minus,https://www.example.com/new-feature,project-08,auditor-02
code-audit-09,ABC-131,2021/03/28 08:15,Static,أبجد هوز دولور الجلوس امات,B,https://www.example.com/new-feature,project-09,auditor-01
code-audit-10,ABC-132,2021/03/28 08:15,Dynamic,<h1>hacked</h1>,B,https://www.example.com/new-feature,project-10,auditor-02
code-audit-11,ABC-133,2021/03/28 08:15,Static,'or 'A'='A,A,https://www.example.com/new-feature,project-11,auditor-01
code-audit-12,ABC-134,2021/03/28 08:15,Dynamic,Lorem ipsum dolor sit amet,C,https://www.example.com/new-featureeeeeeeeeeeeeeeeeeeeeeeeeeeeeeeeeeeeeeeeeeeeeeeeeeeeeeeeeeeeeeeeeeeeeeeeeeeeeeeeeeeeeeeeeeeeeeeeeeeeeeeeeeeeeeeeeeeeeeeeeeeeeeeeeeeeeeeeeeeeeeeeeeeeeeeeeeeeeeeeeeeeeeeeeeeeeeeeeeeeeeeeeeeeeeeeeeeeeeeeeeeeeeeeeeeeeeeeeeeee,project-12,auditor-02
code-audit-13,ABC-135,2021/03/28 08:15,Static,Lorem ipsum dolor sit amet,A,https://www.example.com/new-featureeeeeeeeeeeeeeeeeeeeeeeeeeeeeeeeeeeeeeeeeeeeeeeeeeeeeeeeeeeeeeeeeeeeeeeeeeeeeeeeeeeeeeeeeeeeeeeeeeeeeeeeeeeeeeeeeeeeeeeeeeeeeeeeeeeeeeeeeeeeeeeeeeeeeeeeeeeeeeeeeeeeeeeeeeeeeeeeeeeeeeeeeeeeeeeeeeeeeeeeeeeeeeeeeeeeeeeeeeee,project-13,auditor-01
code-audit-14,ABC-136,2021/03/28 08:15,Dynamic,Lorem ipsum dolor sit amet,A_Plus,,project-14,auditor-02
code-audit-15,ABC-137,2021/03/28 08:15,Static,Lorem ipsum dolor sit amet,C,http://a.b,project-15,auditor-01
code-audit-16,ABC-138,2021/03/28 08:15,Static,Lorem ipsum dolor sit amet,C,http://website.com?active=true,project-16,auditor-02
