key,code,instantiation-moment,provider-name,customer-name,goals,budget,key:project,key:client
contract-01,ABC-800,2014/09/28 10:00,LoremIpsum,LoremIpsum,LoremIpsum,"EUR 1,000.98",project-01,client-01
contract-02,ABC-000,2014/09/28 10:00,LoremIpsum,LoremIpsum,LoremIpsum,"EUR 1,000.98",project-02,client-01
contract-03,ABC-001,2014/09/28 10:00,LoremIpsum,LoremIpsum,LoremIpsum,"EUR 1,000.98",project-03,client-01
contract-04,ABC-998,2014/09/28 10:00,LoremIpsum,LoremIpsum,LoremIpsum,"EUR 1,000.98",project-04,client-02
contract-05,ABC-999,2014/09/28 10:00,LoremIpsum,LoremIpsum,LoremIpsum,"EUR 1,000.98",project-05,client-02
contract-06,ABC-006,2000/01/01 00:00,LoremIpsum,LoremIpsum,LoremIpsum,"EUR 1,000.98",project-06,client-02
contract-07,ABC-007,2000/01/01 00:01,LoremIpsum,LoremIpsum,LoremIpsum,"EUR 1,000.98",project-07,client-01
contract-08,ABC-008,2022/07/29 23:58,LoremIpsum,LoremIpsum,LoremIpsum,"EUR 1,000.98",project-08,client-02
contract-09,ABC-009,2022/07/29 23:59,LoremIpsum,LoremIpsum,LoremIpsum,"EUR 1,000.98",project-09,client-02
contract-10,ABC-010,2014/09/28 10:00,L,LoremIpsum,LoremIpsum,"EUR 1,000.98",project-10,client-01
contract-11,ABC-011,2014/09/28 10:00,Lo,LoremIpsum,LoremIpsum,"EUR 1,000.98",project-11,client-02
contract-12,ABC-012,2014/09/28 10:00,लोरेम इप्सम,LoremIpsum,LoremIpsum,"EUR 1,000.98",project-12,client-02
contract-13,ABC-013,2014/09/28 10:00,LoremIpsumLoremIpsumLoremIpsumLoremIpsumLoremIpsumLoremIpsumLoremIpsumLore,LoremIpsum,LoremIpsum,"EUR 1,000.98",project-13,client-02
contract-14,ABC-014,2014/09/28 10:00,LoremIpsumLoremIpsumLoremIpsumLoremIpsumLoremIpsumLoremIpsumLoremIpsumLorem,LoremIpsum,LoremIpsum,"EUR 1,000.98",project-14,client-02
contract-15,ABC-015,2014/09/28 10:00,<h1>hacked</h1>,LoremIpsum,LoremIpsum,"EUR 1,000.98",project-15,client-01
contract-16,ABC-016,2014/09/28 10:00,'or 'A'='A,LoremIpsum,LoremIpsum,"EUR 1,000.98",project-16,client-01
contract-17,ABC-017,2014/09/28 10:00,LoremIpsum,L,LoremIpsum,"EUR 1,000.98",project-17,client-01
contract-18,ABC-018,2014/09/28 10:00,LoremIpsum,Lo,LoremIpsum,"EUR 1,000.98",project-18,client-01
contract-19,ABC-019,2014/09/28 10:00,LoremIpsum,लोरेम इप्सम,LoremIpsum,"EUR 1,000.98",project-19,client-01
contract-20,ABC-020,2014/09/28 10:00,LoremIpsum,LoremIpsumLoremIpsumLoremIpsumLoremIpsumLoremIpsumLoremIpsumLoremIpsumLore,LoremIpsum,"EUR 1,000.98",project-20,client-02
contract-21,ABC-021,2014/09/28 10:00,LoremIpsum,LoremIpsumLoremIpsumLoremIpsumLoremIpsumLoremIpsumLoremIpsumLoremIpsumLorem,LoremIpsum,"EUR 1,000.98",project-21,client-02
contract-22,ABC-022,2014/09/28 10:00,LoremIpsum,<h1>hacked</h1>,LoremIpsum,"EUR 1,000.98",project-22,client-02
contract-23,ABC-023,2014/09/28 10:00,LoremIpsum,'or 'A'='A,LoremIpsum,"EUR 1,000.98",project-23,client-02
contract-24,ABC-024,2014/09/28 10:00,LoremIpsum,LoremIpsum,L,"EUR 1,000.98",project-24,client-02
contract-25,ABC-025,2014/09/28 10:00,LoremIpsum,LoremIpsum,Lo,"EUR 1,000.98",project-24,client-02
contract-26,ABC-026,2014/09/28 10:00,LoremIpsum,LoremIpsum,लोरेम इप्सम,"EUR 1,000.98",project-24,client-01
contract-27,ABC-027,2014/09/28 10:00,LoremIpsum,LoremIpsum,LoremIpsumLoremIpsumLoremIpsumLoremIpsumLoremIpsumLoremIpsumLoremIpsumLoremIpsumLoremIpsumLoremIpsu,"EUR 1,000.98",project-24,client-01
contract-28,ABC-028,2014/09/28 10:00,LoremIpsum,LoremIpsum,LoremIpsumLoremIpsumLoremIpsumLoremIpsumLoremIpsumLoremIpsumLoremIpsumLoremIpsumLoremIpsumLoremIpsum,"EUR 1,000.98",project-24,client-01
contract-29,ABC-029,2014/09/28 10:00,LoremIpsum,LoremIpsum,<h1>hacked</h1>,"EUR 1,000.98",project-24,client-01
contract-30,ABC-030,2014/09/28 10:00,LoremIpsum,LoremIpsum,'or 'A'='A,"EUR 1,000.98",project-24,client-02
contract-31,ABC-031,2014/09/28 10:00,LoremIpsum,LoremIpsum,LoremIpsum,"EUR 0.00",project-24,client-02
contract-32,ABC-032,2014/09/28 10:00,LoremIpsum,LoremIpsum,LoremIpsum,"EUR 0.01",project-24,client-02
contract-33,ABC-033,2014/09/28 10:00,LoremIpsum,LoremIpsum,LoremIpsum,"EUR 999999.99",project-24,client-02
contract-34,ABC-034,2014/09/28 10:00,LoremIpsum,LoremIpsum,LoremIpsum,"EUR 1000000",project-24,client-02
contract-35,ABC-035,2014/09/28 10:00,LoremIpsum,LoremIpsum,LoremIpsum,"GBP 3,500.00",project-24,client-02