key,instantiation-moment,title,author,message,email-address,link
notice-01,2020/07/29 15:30,New TIC sponsor,Alonso Fernando,A new sponsor has joined the proyect about new technologies TIC,newnotice@acme.com,http://www.newnotice.com
notice-02,2000/01/01 00:00,New TIC sponsor,Alonso Fernando,A new sponsor has joined the proyect about new technologies TIC,newnotice@acme.com,http://www.newnotice.com
notice-03,2000/01/01 00:01,New TIC sponsor,Alonso Fernando,A new sponsor has joined the proyect about new technologies TIC,newnotice@acme.com,http://www.newnotice.com
notice-04,2022/07/29 23:59,New TIC sponsor,Alonso Fernando,A new sponsor has joined the proyect about new technologies TIC,newnotice@acme.com,http://www.newnotice.com
notice-05,2022/07/30 00:00,New TIC sponsor,Alonso Fernando,A new sponsor has joined the proyect about new technologies TIC,newnotice@acme.com,http://www.newnotice.com
notice-05-01,2020/02/29 20:00,New TIC sponsor,Alonso Fernando,A new sponsor has joined the proyect about new technologies TIC,newnotice@acme.com,http://www.newnotice.com
notice-06,2020/07/29 15:30,N,Alonso Fernando,A new sponsor has joined the proyect about new technologies TIC,newnotice@acme.com,http://www.newnotice.com
notice-07,2020/07/29 15:30,Ne,Alonso Fernando,A new sponsor has joined the proyect about new technologies TIC,newnotice@acme.com,http://www.newnotice.com
notice-08,2020/07/29 15:30,New TIC sponsorrrrrrrrrrrrrrrrrrrrrrrrrrrrrrrrrrrrrrrrrrrrrrrrrrrrrrrrrrrr,Alonso Fernando,A new sponsor has joined the proyect about new technologies TIC,newnotice@acme.com,http://www.newnotice.com
notice-09,2020/07/29 15:30,New TIC sponsorrrrrrrrrrrrrrrrrrrrrrrrrrrrrrrrrrrrrrrrrrrrrrrrrrrrrrrrrrrrr,Alonso Fernando,A new sponsor has joined the proyect about new technologies TIC,newnotice@acme.com,http://www.newnotice.com
notice-10,2020/07/29 15:30,新的赞助商,Alonso Fernando,A new sponsor has joined the proyect about new technologies TIC,newnotice@acme.com,http://www.newnotice.com
notice-11,2020/07/29 15:30,<h1>hacked</h1>,Alonso Fernando,A new sponsor has joined the proyect about new technologies TIC,newnotice@acme.com,http://www.newnotice.com
notice-12,2020/07/29 15:30,‘or ‘A’ = ‘A’,Alonso Fernando,A new sponsor has joined the proyect about new technologies TIC,newnotice@acme.com,http://www.newnotice.com
notice-13,2020/07/29 15:30,New TIC sponsor,A,A new sponsor has joined the proyect about new technologies TIC,newnotice@acme.com,http://www.newnotice.com
notice-14,2020/07/29 15:30,New TIC sponsor,Al,A new sponsor has joined the proyect about new technologies TIC,newnotice@acme.com,http://www.newnotice.com
notice-15,2020/07/29 15:30,New TIC sponsor,Alonsoooooooooooooooooooooooooooooooooooooooooooooooooooooooooooo Fernando,A new sponsor has joined the proyect about new technologies TIC,newnotice@acme.com,http://www.newnotice.com
notice-16,2020/07/29 15:30,New TIC sponsor,Alonsoooooooooooooooooooooooooooooooooooooooooooooooooooooooooooo Fernandoo,A new sponsor has joined the proyect about new technologies TIC,newnotice@acme.com,http://www.newnotice.com
notice-17,2020/07/29 15:30,New TIC sponsor,新的赞助商,A new sponsor has joined the proyect about new technologies TIC,newnotice@acme.com,http://www.newnotice.com
notice-18,2020/07/29 15:30,New TIC sponsor,<h1>hacked</h1>,A new sponsor has joined the proyect about new technologies TIC,newnotice@acme.com,http://www.newnotice.com
notice-19,2020/07/29 15:30,New TIC sponsor,‘or ‘A’ = ‘A’,A new sponsor has joined the proyect about new technologies TIC,newnotice@acme.com,http://www.newnotice.com
notice-20,2020/07/29 15:30,New TIC sponsor,Alonso Fernando,A,newnotice@acme.com,http://www.newnotice.com
notice-21,2020/07/29 15:30,New TIC sponsor,Alonso Fernando,An,newnotice@acme.com,http://www.newnotice.com
notice-22,2020/07/29 15:30,New TIC sponsor,Alonso Fernando,Un nuevo sponsor se ha unido a proyecto para probar el limite superior menos uno equivalente cadena,newnotice@acme.com,http://www.newnotice.com
notice-23,2020/07/29 15:30,New TIC sponsor,Alonso Fernando,Un nuevo sponsor se ha unido al proyecto para probar el limite superior menos uno equivalente cadena,newnotice@acme.com,http://www.newnotice.com
notice-24,2020/07/29 15:30,New TIC sponsor,Alonso Fernando,A new sponsor has joined the proyect about new technologies TIC,,http://www.newnotice.com
notice-25,2020/07/29 15:30,New TIC sponsor,Alonso Fernando,A new sponsor has joined the proyect about new technologies TIC,a@b.co,http://www.newnotice.com
notice-26,2020/07/29 15:30,New TIC sponsor,Alonso Fernando,A new sponsor has joined the proyect about new technologies TIC,noticiaejemplodelimitesuperiormenosunoooooooooooooooooooooooooo@email.com,http://www.newnotice.com
notice-27,2020/07/29 15:30,New TIC sponsor,Alonso Fernando,A new sponsor has joined the proyect about new technologies TIC,noticiaejemplodelimitesuperiormenosunooooooooooooooooooooooooooo@email.com,http://www.newnotice.com
notice-28,2020/07/29 15:30,New TIC sponsor,Alonso Fernando,A new sponsor has joined the proyect about new technologies TIC,newnotice@acme.com,
notice-29,2020/07/29 15:30,New TIC sponsor,Alonso Fernando,A new sponsor has joined the proyect about new technologies TIC,newnotice@acme.com,http://a.b
notice-30,2020/07/29 15:30,New TIC sponsor,Alonso Fernando,A new sponsor has joined the proyect about new technologies TIC,newnotice@acme.com,http://www.example.com/aaaaaaaaaaaaaaaaaaaaaaaaaaaaaaaaaaaaaaaaaaaaaaaaaaaaaaaaaaaaaaaaaaaaaaaaaaaaaaaaaaaaaaaaaaaaaaaaaaaaaaaaaaaaaaaaaaaaaaaaaaaaaaaaaaaaaaaaaaaaaaaaaaaaaaaaaaaaaaaaaaaaaaaaaaaaaaaaaaaaaaaaaaaaaaaaaaaaaaaaaaaaaaaaaaaaaaaaaaaaaaaaaaaaaa
notice-31,2020/07/29 15:30,New TIC sponsor,Alonso Fernando,A new sponsor has joined the proyect about new technologies TIC,newnotice@acme.com,http://www.example.com/aaaaaaaaaaaaaaaaaaaaaaaaaaaaaaaaaaaaaaaaaaaaaaaaaaaaaaaaaaaaaaaaaaaaaaaaaaaaaaaaaaaaaaaaaaaaaaaaaaaaaaaaaaaaaaaaaaaaaaaaaaaaaaaaaaaaaaaaaaaaaaaaaaaaaaaaaaaaaaaaaaaaaaaaaaaaaaaaaaaaaaaaaaaaaaaaaaaaaaaaaaaaaaaaaaaaaaaaaaaaaaaaaaaaaaa
notice-32,2020/07/29 15:30,New TIC sponsor,Alonso Fernando,A new sponsor has joined the proyect about new technologies TIC,newnotice@acme.com,http://website.com/recursos
notice-33,2020/07/29 15:30,New TIC sponsor,Alonso Fernando,A new sponsor has joined the proyect about new technologies TIC,newnotice@acme.com,http://website.com?active=true
