key,code,title,abstract-info,fatal-errors,cost,further-information-link,published,key:manager
project-01,ABC-1234,Lorem ipsum,Lorem ipsum dolor sit amet,false,5000,http://www.website.com,true,manager-01
project-02,AAA-0000,Lorem ipsum,Lorem ipsum dolor sit amet,false,5000,http://www.website.com,true,manager-01
project-03,BBB-1111,Lorem ipsum,Lorem ipsum dolor sit amet,false,5000,http://www.website.com,true,manager-01
project-04,YYY-8888,Lorem ipsum,Lorem ipsum dolor sit amet,false,5000,http://www.website.com,true,manager-01
project-05,ZZZ-9999,Lorem ipsum,Lorem ipsum dolor sit amet,false,5000,http://www.website.com,true,manager-01
project-06,ABC-1235,L,Lorem ipsum dolor sit amet,false,5000,http://www.website.com,true,manager-01
project-07,ABC-1237,Lo,Lorem ipsum dolor sit amet,false,5000,http://www.website.com,true,manager-01
project-08,ABC-1238,"Lorem ipsum dolor sit amet,consectetur adipiscing elit,sed do eiusmod tema",Lorem ipsum dolor sit amet,false,5000,http://www.website.com,true,manager-01
project-09,ABC-1239,"Lorem ipsum dolor sit amet,consectetur adipiscing elit,sed do eiusmod temas",Lorem ipsum dolor sit amet,false,5000,http://www.website.com,true,manager-01
project-10,ABC-1241,لوريم إيبسوم,Lorem ipsum dolor sit amet,false,5000,http://www.website.com,true,manager-01
project-11,ABC-1242,'or 'A'='A,Lorem ipsum dolor sit amet,false,5000,http://www.website.com,true,manager-01
project-12,ABC-1243,<script>alert('XSS');</script>,Lorem ipsum dolor sit amet,false,5000,http://www.website.com,true,manager-01
project-13,ABC-1244,Lorem ipsum,L,false,5000,http://www.website.com,true,manager-01
project-14,ABC-1245,Lorem ipsum,Lo,false,5000,http://www.website.com,true,manager-01
project-15,ABC-1246,Lorem ipsum,"Lorem ipsum dolor sit amet, consectetur adipiscing elit, sed do eiusmod tempor incididunt ut labore",false,5000,http://www.website.com,true,manager-01
project-16,ABC-1247,Lorem ipsum,"Lorem ipsum dolor sit amet, consectetur adipiscing elit, sed do eiusmod tempor incididunt ut labores",false,5000,http://www.website.com,true,manager-01
project-17,ABC-1248,Lorem ipsum,لوريم إيبسوم,false,5000,http://www.website.com,true,manager-01
project-18,ABC-1249,Lorem ipsum,'or 'A'='A,false,5000,http://www.website.com,true,manager-01
project-19,ABC-1250,Lorem ipsum,<script>alert('XSS');</script>,false,5000,http://www.website.com,true,manager-01
project-20,ABC-1251,Lorem ipsum,Lorem ipsum dolor sit amet,true,5000,http://www.website.com,true,manager-01
project-21,ABC-1252,Lorem ipsum,Lorem ipsum dolor sit amet,false,0,http://www.website.com,true,manager-01
project-22,ABC-1253,Lorem ipsum,Lorem ipsum dolor sit amet,false,1,http://www.website.com,true,manager-01
project-23,ABC-1254,Lorem ipsum,Lorem ipsum dolor sit amet,false,9999,http://www.website.com,true,manager-01
project-24,ABC-1255,Lorem ipsum,Lorem ipsum dolor sit amet,false,10000,http://www.website.com,true,manager-01
project-25,ABC-1256,Lorem ipsum,Lorem ipsum dolor sit amet,false,5000,http://www.website.com,true,manager-01
project-26,ABC-1257,Lorem ipsum,Lorem ipsum dolor sit amet,false,5000,http://a.b,true,manager-01
project-27,ABC-1258,Lorem ipsum,Lorem ipsum dolor sit amet,false,5000,http://www.example.com/aaaaaaaaaaaaaaaaaaaaaaaaaaaaaaaaaaaaaaaaaaaaaaaaaaaaaaaaaaaaaaaaaaaaaaaaaaaaaaaaaaaaaaaaaaaaaaaaaaaaaaaaaaaaaaaaaaaaaaaaaaaaaaaaaaaaaaaaaaaaaaaaaaaaaaaaaaaaaaaaaaaaaaaaaaaaaaaaaaaaaaaaaaaaaaaaaaaaaaaaaaaaaaaaaaaaaaaaaaaaaaaaaaaaaa,true,manager-01
project-28,ABC-1259,Lorem ipsum,Lorem ipsum dolor sit amet,false,5000,http://www.example.com/aaaaaaaaaaaaaaaaaaaaaaaaaaaaaaaaaaaaaaaaaaaaaaaaaaaaaaaaaaaaaaaaaaaaaaaaaaaaaaaaaaaaaaaaaaaaaaaaaaaaaaaaaaaaaaaaaaaaaaaaaaaaaaaaaaaaaaaaaaaaaaaaaaaaaaaaaaaaaaaaaaaaaaaaaaaaaaaaaaaaaaaaaaaaaaaaaaaaaaaaaaaaaaaaaaaaaaaaaaaaaaaaaaaaaaa,true,manager-01
project-29,ABC-1260,Lorem ipsum,Lorem ipsum dolor sit amet,false,5000,http://website.com/recursos,true,manager-01
project-30,ABC-1261,Lorem ipsum,Lorem ipsum dolor sit amet,false,5000,http://website.com?active=true,true,manager-01
project-31,ABC-1262,Lorem ipsum,Lorem ipsum dolor sit amet,false,5000,http://www.website.com,false,manager-01
project-32,ABC-1263,Lorem ipsum,Lorem ipsum dolor sit amet,false,5000,http://www.website.com,true,manager-02
