key,reference,identification-date,impact,probability,description,optional-link,key:project,key:administrator
risk-01,R-000,2018/08/21 10:30,0,0.12,This is a basic description,https://ev.us.es/webapps/login/,project-01,administrator-01
risk-02,R-999,2018/09/21 10:30,100,100.00,This is a basic description,https://ev.us.es/webapps/login/,project-01,administrator-01
risk-03,R-001,2019/02/27 10:30,1000,0.00,This is a basic description,https://ev.us.es/webapps/login/,project-01,administrator-01
risk-04,R-002,2019/07/21 10:30,500,1.00,This is a basic description,https://ev.us.es/webapps/login/,project-01,administrator-01
risk-05,R-003,2019/10/21 10:30,10,50.00,This is a basic description,https://ev.us.es/webapps/login/,project-01,administrator-01
risk-06,R-004,2020/03/22 10:30,10,99.99,This is a basic description,https://ev.us.es/webapps/login/,project-01,administrator-01
risk-07,R-005,2020/08/29 10:30,10,0.01,This is a basic description,https://ev.us.es/webapps/login/,project-01,administrator-01
risk-08,R-006,2021/01/21 10:30,10,35.5,This is a description with 100 characters aaaaaaaaaaaaaaaaaaaaaaaaaaaaaaaaaaaaaaaaaaaaaaaaaaaaaaaaaa,https://ev.us.es/webapps/login/,project-02,administrator-01
risk-09,R-007,2021/06/04 10:30,10,35.5,This is a description with 99 characters aaaaaaaaaaaaaaaaaaaaaaaaaaaaaaaaaaaaaaaaaaaaaaaaaaaaaaaaaa,https://ev.us.es/webapps/login/,project-03,administrator-01
risk-10,R-008,2021/10/21 10:30,10,35.5,A,https://ev.us.es/webapps/login/,project-04,administrator-01
risk-11,R-009,2022/02/21 10:30,10,35.5,Aa,https://ev.us.es/webapps/login/,project-01,administrator-01
risk-12,R-010,2022/06/29 10:30,10,35.5,1,https://ev.us.es/webapps/login/,project-01,administrator-01
risk-13,R-011,2021/10/21 10:30,10,35.5,13,https://ev.us.es/webapps/login/,project-01,administrator-01
risk-14,R-012,2020/04/10 10:30,10,35.5,This is a basic description,https://ev.us.es/webapps/login/,project-01,administrator-01
risk-15,R-013,2020/08/21 10:30,10,35.5,This is a basic description,https://ev.us.es/webapps/login/,project-01,administrator-01
risk-16,R-014,2021/01/21 10:30,10,35.5,This is a basic description,https://ev.us.es/webapps/login/,project-01,administrator-01
risk-17,R-015,2019/06/21 10:30,10,35.5,This is a basic description,https://ev.us.es/webapps/login/,project-01,administrator-01
risk-18,R-016,2020/09/21 10:30,10,35.5,This is a basic description,https://ev.us.es/webapps/login/,project-01,administrator-01
risk-19,R-017,2020/03/21 10:30,10,35.5,This is a basic description,https://ev.us.es/webapps/login/,project-01,administrator-01
risk-20,R-018,2020/06/25 10:30,10,35.5,This is a basic description,https://ev.us.es/webapps/login/,project-01,administrator-01
risk-21,R-019,2020/11/21 10:30,10,35.5,This is a basic description,https://ev.us.es/webapps/login/,project-01,administrator-01
